Company,Rating,Reviews,Hours,Phone,Address,Website
Apollo Spectra Hospitals,4.6,"3,521 reviews",Open 24 hours,084484 40991,"Apollo Spectra Hospitals, 143, 1st Cross Rd, near Nagarjuna Hotel, KHB Colony, 5th Block, Koramangala, Bengaluru, Karnataka 560034",/aclk?sa=l&ai=DChcSEwj_vIfjzZyGAxVoI4MDHYCvDQwYABANGgJzZg&ase=2&gclid=EAIaIgocChMI_7yH482chgMVaCODAx2Arw0MEBAYASDIARICvbrw_wcB&label=free_ps_website&sig=AOD64_15rjkxityGWP-rOqYFj8VifJ-ifQ&bp=1&nis=4&adurl
Aspire Fertility Center - IVF Clinic - Sarjapura,5.0,49 reviews,Closed ⋅ Opens 8 am Tue,096200 09410,"4th Floor, Within, NATUS Hospital, 20/13, Sarjapur - Marathahalli Rd, Carmelaram, Janatha Colony, Doddakannelli, Bengaluru, Karnataka 560035",/aclk?sa=l&ai=DChcSEwj_vIfjzZyGAxVoI4MDHYCvDQwYABAGGgJzZg&ase=2&gclid=EAIaIgocChMI_7yH482chgMVaCODAx2Arw0MEBAYAiDIARICyE7w_wcB&label=free_ps_website&sig=AOD64_25N5GdMUO1ytMJqgV-49y9AuY7PA&bp=1&nis=4&adurl
Manipal Hospitals,4.6,"21,586 reviews",Open 24 hours,1800 102 4647,"98, HAL Old Airport Rd, Kodihalli, Bengaluru, Karnataka 560017",https://www.manipalhospitals.com/oldairportroad/?utm_source=Organic&utm_medium=GMB+Organic&utm_campaign=Old+Airport+Road+Hospital+GMB
Santosh Hospital - Best Multispeciality Hospital in Bangalore,4.5,"3,138 reviews",Open 24 hours,080 4084 8888,"6/1, Promenade Rd, behind Coles Park, Pulkeshi Nagar, Pulikeshi Nagar, Bengaluru, Karnataka 560005",https://www.santoshhealthcare.com/
"SPARSH Hospital, Infantry Road",4.5,"2,288 reviews",Open 24 hours,080 6122 2000,"SPARSH Super Speciality Hospital, 146, Infantry Rd, Vasanth Nagar, Bengaluru, Karnataka 560001",http://www.sparshhospital.com/
St Philomena's Hospital,3.5,650 reviews,Open 24 hours,080 4016 4346,"Post, 4, Mother Teresa Rd, near Life Style, Viveka Nagar, Bengaluru, Karnataka 560047",https://stphilomenashospital.com/index.php
Fortis Hospital Cunningham Road,4.6,"4,483 reviews",Open 24 hours,096868 60310,"Fortis Hospital, 14, Cunningham Rd, Vasanth Nagar, Bengaluru, Karnataka 560052",https://www.fortishealthcare.com/location/fortis-hospital-cg-road-bangalore?utm_source=google-gmb&utm_medium=gmb-seo-url&utm_campaign=FHL-gmb
"HOSMAT Hospital, Magrath Road",4.1,"1,591 reviews",Open 24 hours,080 2559 3796,"45, Magrath Rd, Ashok Nagar, Bengaluru, Karnataka 560025",https://hosmathospitals.com/
Manipal Hospital Millers Road,4.4,"5,352 reviews",Open 24 hours,1800 102 4647,"71/1, Manipal Hospital, Millers Rd, opp. to St. Anne's College, Vasanth Nagar, Bengaluru, Karnataka 560052",https://www.manipalhospitals.com/millersroad/
Uvincare Hospitals Pvt Ltd.,4.3,119 reviews,Open 24 hours,082774 80000,"117, Old Madras Rd, opposite Metro Pillar Number 110, Halasuru, Lingayana Palya, Bengaluru, Karnataka 560008",#
"Fortis Hospital Rajajinagar, Bangalore",4.6,"2,689 reviews",Open 24 hours,095383 11144,"111, Chord Rd, opp. Rajajinagar, 1st Block, Junction, Bengaluru, Karnataka 560086",https://www.fortishealthcare.com/location/fortis-hospital-rajajinagar-bengaluru?utm_source=google-gmb&utm_medium=gmb-seo-url&utm_campaign=FHL-gmb
VSH Hospital,4.3,"1,232 reviews",Open 24 hours,080 2227 7979,"2, Vittal Mallya Rd, Ashok Nagar, Bengaluru, Karnataka 560001",https://www.vshhospital.com/
Bhagwan Mahaveer Jain Hospital,4.4,"4,541 reviews",Open 24 hours,080 2253 5353,"17, Millers Rd, Kaverappa Layout, Vasanth Nagar, Bengaluru, Karnataka 560052",http://www.bmjh.org/
Manipal Hospital Yeshwanthpur,4.7,"16,654 reviews",Open 24 hours,1800 102 4647,"Manipal Hospitals 26/4, BRIGADE GATEWAY, yeshwanthpur, beside Metro, Malleshwaram, Bengaluru, 560055",https://www.manipalhospitals.com/yeshwanthpur/
Apollo Hospital Seshadripuram,4.7,"14,420 reviews",Open 24 hours,080 4668 8888,"1, Old, 28, Platform Rd, near Mantri Square Mall, Seshadripuram, Bengaluru, Karnataka 560020",https://www.apollohospitals.com/bangalore/best-hospital-in-sheshadripuram/
Bangalore Baptist Hospital,4.6,"8,966 reviews",Open 24 hours,080 2202 4700,"Bellary Rd, Vinayakanagar, Hebbal, Bengaluru, Karnataka 560024",http://www.bbh.org.in/
Chinmaya Mission Hospital,3.8,"2,430 reviews",Open 24 hours,080 2502 6100,"1, 1, Chinmaya Mission Hospital Rd, Opp. Krishna Temple, Defence Colony, Indiranagar, Bengaluru, Karnataka 560038",http://www.chinmayamission.com/what-we-do/institutes/chinmaya-mission-hospital-chinmaya-mission-of-nursing/#.VGXzhyjm48k
Bowring and Lady Curzon Hospital,3.3,487 reviews,Open 24 hours,084311 86388,"XJM3+HWM Bowring Medical Hospital, Lady Curzon Rd, Shivaji Nagar, Bengaluru, Karnataka 560001",#
Metro Hospital,4.0,68 reviews,Open 24 hours,080 2555 3355,"17/1, AM Road, Bharati Nagar, Shivaji Nagar, Bengaluru, Karnataka 560051",http://www.metrohospitals.in/
Metro Hospital,4.0,68 reviews,Open 24 hours,080 2555 3355,"17/1, AM Road, Bharati Nagar, Shivaji Nagar, Bengaluru, Karnataka 560051",http://www.metrohospitals.in/
"Axon Speciality Hospital, Best Multispeciality Hospital in Bangalore",3.4,296 reviews,Open 24 hours,080 4334 6333,"321, 6th Main Rd, HAL 2nd Stage, Indiranagar, Bengaluru, Karnataka 560038",https://axonspecialityhospital.com/
"Q Medical Center and Hospital , Dickenson Road, Bangalore",4.8,159 reviews,Closed ⋅ Opens 8 am Tue,095919 30365,"Q Medical Center(Speciality Hospital, 43, Dickenson Rd, next to Hasanath College, Halasuru, Hanumanthappa Layout, Sivanchetti Gardens, Bengaluru, Karnataka 560042",https://qmch.in/
